window_start,Ion,Concentration,Stream
1988-01-01,k_mgl,NA,PRM
1988-01-01,mg_mgl,NA,PRM
1988-01-01,nh4_ugl,NA,PRM
1988-01-01,no3_ugl,NA,PRM
1988-01-01,ca_mgl,NA,PRM
1988-03-04,k_mgl,NA,PRM
1988-03-04,mg_mgl,NA,PRM
1988-03-04,nh4_ugl,NA,PRM
1988-03-04,no3_ugl,NA,PRM
1988-03-04,ca_mgl,NA,PRM
1988-05-06,k_mgl,NA,PRM
1988-05-06,mg_mgl,NA,PRM
1988-05-06,nh4_ugl,NA,PRM
1988-05-06,no3_ugl,NA,PRM
1988-05-06,ca_mgl,NA,PRM
1988-07-08,k_mgl,NA,PRM
1988-07-08,mg_mgl,NA,PRM
1988-07-08,nh4_ugl,NA,PRM
1988-07-08,no3_ugl,NA,PRM
1988-07-08,ca_mgl,NA,PRM
1988-09-09,k_mgl,NA,PRM
1988-09-09,mg_mgl,NA,PRM
1988-09-09,nh4_ugl,NA,PRM
1988-09-09,no3_ugl,NA,PRM
1988-09-09,ca_mgl,NA,PRM
1988-11-11,k_mgl,NA,PRM
1988-11-11,mg_mgl,NA,PRM
1988-11-11,nh4_ugl,NA,PRM
1988-11-11,no3_ugl,NA,PRM
1988-11-11,ca_mgl,NA,PRM
1989-01-13,k_mgl,NA,PRM
1989-01-13,mg_mgl,NA,PRM
1989-01-13,nh4_ugl,NA,PRM
1989-01-13,no3_ugl,NA,PRM
1989-01-13,ca_mgl,NA,PRM
1989-03-17,k_mgl,0.77,PRM
1989-03-17,mg_mgl,1.92,PRM
1989-03-17,nh4_ugl,NA,PRM
1989-03-17,no3_ugl,69,PRM
1989-03-17,ca_mgl,6.15,PRM
1989-05-19,k_mgl,0.675,PRM
1989-05-19,mg_mgl,1.965,PRM
1989-05-19,nh4_ugl,NA,PRM
1989-05-19,no3_ugl,58.285714285714285,PRM
1989-05-19,ca_mgl,6.525,PRM
1989-07-21,k_mgl,0.6614285714285714,PRM
1989-07-21,mg_mgl,1.5783333333333334,PRM
1989-07-21,nh4_ugl,NA,PRM
1989-07-21,no3_ugl,73.71428571428571,PRM
1989-07-21,ca_mgl,6.252857142857143,PRM
1989-09-22,k_mgl,1.21,PRM
1989-09-22,mg_mgl,2.194,PRM
1989-09-22,nh4_ugl,NA,PRM
1989-09-22,no3_ugl,263.5,PRM
1989-09-22,ca_mgl,6.906,PRM
1989-11-24,k_mgl,0.9,PRM
1989-11-24,mg_mgl,2.5187500000000003,PRM
1989-11-24,nh4_ugl,NA,PRM
1989-11-24,no3_ugl,85.85714285714286,PRM
1989-11-24,ca_mgl,9.15375,PRM
1990-01-26,k_mgl,1.0855555555555556,PRM
1990-01-26,mg_mgl,2.048888888888889,PRM
1990-01-26,nh4_ugl,NA,PRM
1990-01-26,no3_ugl,243.88888888888889,PRM
1990-01-26,ca_mgl,8.305,PRM
1990-03-30,k_mgl,0.9944444444444445,PRM
1990-03-30,mg_mgl,2.207777777777778,PRM
1990-03-30,nh4_ugl,NA,PRM
1990-03-30,no3_ugl,130.11111111111111,PRM
1990-03-30,ca_mgl,9.503333333333334,PRM
1990-06-01,k_mgl,0.9299999999999999,PRM
1990-06-01,mg_mgl,2.0355555555555553,PRM
1990-06-01,nh4_ugl,NA,PRM
1990-06-01,no3_ugl,175.66666666666666,PRM
1990-06-01,ca_mgl,8.523333333333333,PRM
1990-08-03,k_mgl,0.8422222222222222,PRM
1990-08-03,mg_mgl,2.1055555555555556,PRM
1990-08-03,nh4_ugl,NA,PRM
1990-08-03,no3_ugl,128.88888888888889,PRM
1990-08-03,ca_mgl,9.421111111111111,PRM
1990-10-05,k_mgl,0.7633333333333333,PRM
1990-10-05,mg_mgl,1.7955555555555556,PRM
1990-10-05,nh4_ugl,NA,PRM
1990-10-05,no3_ugl,142.125,PRM
1990-10-05,ca_mgl,6.92,PRM
1990-12-07,k_mgl,0.6488888888888888,PRM
1990-12-07,mg_mgl,2.25,PRM
1990-12-07,nh4_ugl,NA,PRM
1990-12-07,no3_ugl,139,PRM
1990-12-07,ca_mgl,7.6322222222222225,PRM
1991-02-08,k_mgl,0.92125,PRM
1991-02-08,mg_mgl,1.9975,PRM
1991-02-08,nh4_ugl,NA,PRM
1991-02-08,no3_ugl,105.57142857142857,PRM
1991-02-08,ca_mgl,7.551428571428572,PRM
1991-04-12,k_mgl,0.77,PRM
1991-04-12,mg_mgl,0.86875,PRM
1991-04-12,nh4_ugl,NA,PRM
1991-04-12,no3_ugl,52.22222222222222,PRM
1991-04-12,ca_mgl,4.635,PRM
1991-06-14,k_mgl,0.77375,PRM
1991-06-14,mg_mgl,1.96875,PRM
1991-06-14,nh4_ugl,NA,PRM
1991-06-14,no3_ugl,57.125,PRM
1991-06-14,ca_mgl,6.26,PRM
1991-08-16,k_mgl,0.8388888888888889,PRM
1991-08-16,mg_mgl,2.4766666666666666,PRM
1991-08-16,nh4_ugl,NA,PRM
1991-08-16,no3_ugl,106,PRM
1991-08-16,ca_mgl,8.877777777777778,PRM
1991-10-18,k_mgl,0.655,PRM
1991-10-18,mg_mgl,1.77375,PRM
1991-10-18,nh4_ugl,NA,PRM
1991-10-18,no3_ugl,101.44444444444444,PRM
1991-10-18,ca_mgl,5.67,PRM
1991-12-20,k_mgl,0.8244444444444444,PRM
1991-12-20,mg_mgl,2.183333333333333,PRM
1991-12-20,nh4_ugl,NA,PRM
1991-12-20,no3_ugl,117.77777777777777,PRM
1991-12-20,ca_mgl,9.377777777777778,PRM
1992-02-21,k_mgl,0.9188888888888889,PRM
1992-02-21,mg_mgl,2.7511111111111113,PRM
1992-02-21,nh4_ugl,NA,PRM
1992-02-21,no3_ugl,107.375,PRM
1992-02-21,ca_mgl,9.365,PRM
1992-04-24,k_mgl,0.8366666666666667,PRM
1992-04-24,mg_mgl,1.7522222222222221,PRM
1992-04-24,nh4_ugl,NA,PRM
1992-04-24,no3_ugl,54.625,PRM
1992-04-24,ca_mgl,7.101111111111111,PRM
1992-06-26,k_mgl,0.7933333333333333,PRM
1992-06-26,mg_mgl,2.1577777777777776,PRM
1992-06-26,nh4_ugl,NA,PRM
1992-06-26,no3_ugl,43.666666666666664,PRM
1992-06-26,ca_mgl,8.5,PRM
1992-08-28,k_mgl,0.9,PRM
1992-08-28,mg_mgl,2.4855555555555555,PRM
1992-08-28,nh4_ugl,NA,PRM
1992-08-28,no3_ugl,46.44444444444444,PRM
1992-08-28,ca_mgl,10.154444444444444,PRM
1992-10-30,k_mgl,0.62,PRM
1992-10-30,mg_mgl,1.5975,PRM
1992-10-30,nh4_ugl,NA,PRM
1992-10-30,no3_ugl,35.166666666666664,PRM
1992-10-30,ca_mgl,6.53125,PRM
1993-01-01,k_mgl,0.7222222222222222,PRM
1993-01-01,mg_mgl,1.981111111111111,PRM
1993-01-01,nh4_ugl,NA,PRM
1993-01-01,no3_ugl,78,PRM
1993-01-01,ca_mgl,7.802222222222222,PRM
1993-03-05,k_mgl,0.8533333333333334,PRM
1993-03-05,mg_mgl,2.3055555555555554,PRM
1993-03-05,nh4_ugl,NA,PRM
1993-03-05,no3_ugl,80.22222222222223,PRM
1993-03-05,ca_mgl,9.028888888888888,PRM
1993-05-07,k_mgl,0.8077777777777778,PRM
1993-05-07,mg_mgl,2.051111111111111,PRM
1993-05-07,nh4_ugl,NA,PRM
1993-05-07,no3_ugl,55.33333333333333,PRM
1993-05-07,ca_mgl,8.234444444444444,PRM
1993-07-09,k_mgl,0.8075,PRM
1993-07-09,mg_mgl,1.97375,PRM
1993-07-09,nh4_ugl,NA,PRM
1993-07-09,no3_ugl,50.75,PRM
1993-07-09,ca_mgl,8.455,PRM
1993-09-10,k_mgl,0.6866666666666666,PRM
1993-09-10,mg_mgl,1.9444444444444444,PRM
1993-09-10,nh4_ugl,NA,PRM
1993-09-10,no3_ugl,38.888888888888886,PRM
1993-09-10,ca_mgl,7.8822222222222225,PRM
1993-11-12,k_mgl,0.5988888888888889,PRM
1993-11-12,mg_mgl,1.5222222222222221,PRM
1993-11-12,nh4_ugl,NA,PRM
1993-11-12,no3_ugl,33.2,PRM
1993-11-12,ca_mgl,6.6,PRM
1994-01-14,k_mgl,0.6366666666666667,PRM
1994-01-14,mg_mgl,1.8822222222222222,PRM
1994-01-14,nh4_ugl,NA,PRM
1994-01-14,no3_ugl,6.333333333333333,PRM
1994-01-14,ca_mgl,8,PRM
1994-03-18,k_mgl,0.7588888888888888,PRM
1994-03-18,mg_mgl,2.1155555555555554,PRM
1994-03-18,nh4_ugl,NA,PRM
1994-03-18,no3_ugl,18.4,PRM
1994-03-18,ca_mgl,9.256666666666666,PRM
1994-05-20,k_mgl,0.8277777777777777,PRM
1994-05-20,mg_mgl,2.3544444444444443,PRM
1994-05-20,nh4_ugl,NA,PRM
1994-05-20,no3_ugl,24.75,PRM
1994-05-20,ca_mgl,8.94111111111111,PRM
1994-07-22,k_mgl,0.8722222222222222,PRM
1994-07-22,mg_mgl,2.428888888888889,PRM
1994-07-22,nh4_ugl,NA,PRM
1994-07-22,no3_ugl,179,PRM
1994-07-22,ca_mgl,9.212222222222222,PRM
1994-09-23,k_mgl,0.7644444444444445,PRM
1994-09-23,mg_mgl,1.93,PRM
1994-09-23,nh4_ugl,NA,PRM
1994-09-23,no3_ugl,NA,PRM
1994-09-23,ca_mgl,8.956666666666667,PRM
1994-11-25,k_mgl,0.7111111111111111,PRM
1994-11-25,mg_mgl,2.256666666666667,PRM
1994-11-25,nh4_ugl,NA,PRM
1994-11-25,no3_ugl,43,PRM
1994-11-25,ca_mgl,8.879999999999999,PRM
1988-01-01,k_mgl,0.8066666666666666,BQ1
1988-01-01,mg_mgl,2.1926666666666668,BQ1
1988-01-01,nh4_ugl,27.533333333333335,BQ1
1988-01-01,no3_ugl,155.06666666666666,BQ1
1988-01-01,ca_mgl,3.42,BQ1
1988-03-04,k_mgl,0.89,BQ1
1988-03-04,mg_mgl,1.976875,BQ1
1988-03-04,nh4_ugl,22.125,BQ1
1988-03-04,no3_ugl,207.8125,BQ1
1988-03-04,ca_mgl,3.084375,BQ1
1988-05-06,k_mgl,0.8811111111111111,BQ1
1988-05-06,mg_mgl,2.183,BQ1
1988-05-06,nh4_ugl,90.625,BQ1
1988-05-06,no3_ugl,157.5,BQ1
1988-05-06,ca_mgl,2.9850000000000003,BQ1
1988-07-08,k_mgl,0.7607692307692308,BQ1
1988-07-08,mg_mgl,1.9523076923076923,BQ1
1988-07-08,nh4_ugl,15.5,BQ1
1988-07-08,no3_ugl,63,BQ1
1988-07-08,ca_mgl,2.686923076923077,BQ1
1988-09-09,k_mgl,0.7925,BQ1
1988-09-09,mg_mgl,2.43875,BQ1
1988-09-09,nh4_ugl,50.25,BQ1
1988-09-09,no3_ugl,140.55555555555554,BQ1
1988-09-09,ca_mgl,3.665,BQ1
1988-11-11,k_mgl,0.8444444444444444,BQ1
1988-11-11,mg_mgl,2.3722222222222222,BQ1
1988-11-11,nh4_ugl,NA,BQ1
1988-11-11,no3_ugl,153.625,BQ1
1988-11-11,ca_mgl,4.15125,BQ1
1989-01-13,k_mgl,0.9088888888888889,BQ1
1989-01-13,mg_mgl,2.783333333333333,BQ1
1989-01-13,nh4_ugl,NA,BQ1
1989-01-13,no3_ugl,130.11111111111111,BQ1
1989-01-13,ca_mgl,4.293333333333333,BQ1
1989-03-17,k_mgl,0.8544444444444445,BQ1
1989-03-17,mg_mgl,2.738888888888889,BQ1
1989-03-17,nh4_ugl,NA,BQ1
1989-03-17,no3_ugl,141.88888888888889,BQ1
1989-03-17,ca_mgl,4.444444444444445,BQ1
1989-05-19,k_mgl,0.9477777777777777,BQ1
1989-05-19,mg_mgl,2.901111111111111,BQ1
1989-05-19,nh4_ugl,NA,BQ1
1989-05-19,no3_ugl,123,BQ1
1989-05-19,ca_mgl,4.5344444444444445,BQ1
1989-07-21,k_mgl,0.9275,BQ1
1989-07-21,mg_mgl,2.6675,BQ1
1989-07-21,nh4_ugl,NA,BQ1
1989-07-21,no3_ugl,99.57142857142857,BQ1
1989-07-21,ca_mgl,4.0625,BQ1
1989-09-22,k_mgl,1.2953846153846154,BQ1
1989-09-22,mg_mgl,2.970833333333333,BQ1
1989-09-22,nh4_ugl,NA,BQ1
1989-09-22,no3_ugl,365,BQ1
1989-09-22,ca_mgl,4.2,BQ1
1989-11-24,k_mgl,1.1466666666666667,BQ1
1989-11-24,mg_mgl,3.2266666666666666,BQ1
1989-11-24,nh4_ugl,NA,BQ1
1989-11-24,no3_ugl,99,BQ1
1989-11-24,ca_mgl,5.8566666666666665,BQ1
1990-01-26,k_mgl,1.2344444444444445,BQ1
1990-01-26,mg_mgl,3.1666666666666665,BQ1
1990-01-26,nh4_ugl,NA,BQ1
1990-01-26,no3_ugl,211.375,BQ1
1990-01-26,ca_mgl,5.546666666666667,BQ1
1990-03-30,k_mgl,1.3628571428571428,BQ1
1990-03-30,mg_mgl,2.5492857142857144,BQ1
1990-03-30,nh4_ugl,NA,BQ1
1990-03-30,no3_ugl,450.30769230769226,BQ1
1990-03-30,ca_mgl,4.312857142857143,BQ1
1990-06-01,k_mgl,1.1555555555555554,BQ1
1990-06-01,mg_mgl,3.2333333333333334,BQ1
1990-06-01,nh4_ugl,NA,BQ1
1990-06-01,no3_ugl,143.77777777777777,BQ1
1990-06-01,ca_mgl,5.4944444444444445,BQ1
1990-08-03,k_mgl,0.8844444444444445,BQ1
1990-08-03,mg_mgl,3.2688888888888887,BQ1
1990-08-03,nh4_ugl,NA,BQ1
1990-08-03,no3_ugl,80.83333333333334,BQ1
1990-08-03,ca_mgl,5.841111111111111,BQ1
1990-10-05,k_mgl,1.007,BQ1
1990-10-05,mg_mgl,2.832,BQ1
1990-10-05,nh4_ugl,NA,BQ1
1990-10-05,no3_ugl,108.5,BQ1
1990-10-05,ca_mgl,4.603,BQ1
1990-12-07,k_mgl,0.983,BQ1
1990-12-07,mg_mgl,2.988,BQ1
1990-12-07,nh4_ugl,NA,BQ1
1990-12-07,no3_ugl,155.375,BQ1
1990-12-07,ca_mgl,5.297,BQ1
1991-02-08,k_mgl,0.8122222222222223,BQ1
1991-02-08,mg_mgl,3.16,BQ1
1991-02-08,nh4_ugl,NA,BQ1
1991-02-08,no3_ugl,70.66666666666667,BQ1
1991-02-08,ca_mgl,5.701111111111111,BQ1
1991-04-12,k_mgl,0.923,BQ1
1991-04-12,mg_mgl,2.9539999999999997,BQ1
1991-04-12,nh4_ugl,NA,BQ1
1991-04-12,no3_ugl,43.77777777777778,BQ1
1991-04-12,ca_mgl,5.176,BQ1
1991-06-14,k_mgl,0.7644444444444445,BQ1
1991-06-14,mg_mgl,3.3777777777777778,BQ1
1991-06-14,nh4_ugl,NA,BQ1
1991-06-14,no3_ugl,32.42857142857143,BQ1
1991-06-14,ca_mgl,5.622222222222223,BQ1
1991-08-16,k_mgl,1.165,BQ1
1991-08-16,mg_mgl,3.614,BQ1
1991-08-16,nh4_ugl,NA,BQ1
1991-08-16,no3_ugl,63.5,BQ1
1991-08-16,ca_mgl,5.84,BQ1
1991-10-18,k_mgl,1.1483333333333334,BQ1
1991-10-18,mg_mgl,2.685833333333333,BQ1
1991-10-18,nh4_ugl,NA,BQ1
1991-10-18,no3_ugl,118.16666666666666,BQ1
1991-10-18,ca_mgl,4.1425,BQ1
1991-12-20,k_mgl,1.221,BQ1
1991-12-20,mg_mgl,3.004,BQ1
1991-12-20,nh4_ugl,NA,BQ1
1991-12-20,no3_ugl,184.55555555555554,BQ1
1991-12-20,ca_mgl,5.06,BQ1
1992-02-21,k_mgl,1.1111111111111112,BQ1
1992-02-21,mg_mgl,3.578888888888889,BQ1
1992-02-21,nh4_ugl,NA,BQ1
1992-02-21,no3_ugl,79.75,BQ1
1992-02-21,ca_mgl,6.308888888888889,BQ1
1992-04-24,k_mgl,1.031111111111111,BQ1
1992-04-24,mg_mgl,2.59,BQ1
1992-04-24,nh4_ugl,NA,BQ1
1992-04-24,no3_ugl,57.125,BQ1
1992-04-24,ca_mgl,4.303333333333334,BQ1
1992-06-26,k_mgl,1.1466666666666667,BQ1
1992-06-26,mg_mgl,3.2455555555555557,BQ1
1992-06-26,nh4_ugl,NA,BQ1
1992-06-26,no3_ugl,140.625,BQ1
1992-06-26,ca_mgl,5.6066666666666665,BQ1
1992-08-28,k_mgl,1.0655555555555556,BQ1
1992-08-28,mg_mgl,3.517777777777778,BQ1
1992-08-28,nh4_ugl,NA,BQ1
1992-08-28,no3_ugl,67.71428571428571,BQ1
1992-08-28,ca_mgl,6.2,BQ1
1992-10-30,k_mgl,0.9622222222222222,BQ1
1992-10-30,mg_mgl,2.4955555555555557,BQ1
1992-10-30,nh4_ugl,NA,BQ1
1992-10-30,no3_ugl,33,BQ1
1992-10-30,ca_mgl,4.543333333333333,BQ1
1993-01-01,k_mgl,1.1344444444444444,BQ1
1993-01-01,mg_mgl,3.181111111111111,BQ1
1993-01-01,nh4_ugl,NA,BQ1
1993-01-01,no3_ugl,20,BQ1
1993-01-01,ca_mgl,4.975555555555555,BQ1
1993-03-05,k_mgl,1.1744444444444444,BQ1
1993-03-05,mg_mgl,3.671111111111111,BQ1
1993-03-05,nh4_ugl,NA,BQ1
1993-03-05,no3_ugl,137.11111111111111,BQ1
1993-03-05,ca_mgl,5.795555555555556,BQ1
1993-05-07,k_mgl,1.1577777777777778,BQ1
1993-05-07,mg_mgl,3.2222222222222223,BQ1
1993-05-07,nh4_ugl,NA,BQ1
1993-05-07,no3_ugl,28.333333333333332,BQ1
1993-05-07,ca_mgl,5.611111111111111,BQ1
1993-07-09,k_mgl,1.0033333333333334,BQ1
1993-07-09,mg_mgl,3.013333333333333,BQ1
1993-07-09,nh4_ugl,NA,BQ1
1993-07-09,no3_ugl,44.6,BQ1
1993-07-09,ca_mgl,5.467777777777778,BQ1
1993-09-10,k_mgl,1.1211111111111112,BQ1
1993-09-10,mg_mgl,3.3266666666666667,BQ1
1993-09-10,nh4_ugl,NA,BQ1
1993-09-10,no3_ugl,28.333333333333332,BQ1
1993-09-10,ca_mgl,5.921111111111111,BQ1
1993-11-12,k_mgl,1.18,BQ1
1993-11-12,mg_mgl,3.1688888888888886,BQ1
1993-11-12,nh4_ugl,NA,BQ1
1993-11-12,no3_ugl,22.166666666666668,BQ1
1993-11-12,ca_mgl,5.688888888888889,BQ1
1994-01-14,k_mgl,1.0055555555555555,BQ1
1994-01-14,mg_mgl,2.951111111111111,BQ1
1994-01-14,nh4_ugl,NA,BQ1
1994-01-14,no3_ugl,13.5,BQ1
1994-01-14,ca_mgl,5.302222222222222,BQ1
1994-03-18,k_mgl,1.051111111111111,BQ1
1994-03-18,mg_mgl,3.347777777777778,BQ1
1994-03-18,nh4_ugl,NA,BQ1
1994-03-18,no3_ugl,65.66666666666667,BQ1
1994-03-18,ca_mgl,6.14,BQ1
1994-05-20,k_mgl,1.21,BQ1
1994-05-20,mg_mgl,3.85,BQ1
1994-05-20,nh4_ugl,NA,BQ1
1994-05-20,no3_ugl,51.22222222222222,BQ1
1994-05-20,ca_mgl,6.785,BQ1
1994-07-22,k_mgl,1.2377777777777779,BQ1
1994-07-22,mg_mgl,3.398888888888889,BQ1
1994-07-22,nh4_ugl,NA,BQ1
1994-07-22,no3_ugl,NA,BQ1
1994-07-22,ca_mgl,6.015555555555555,BQ1
1994-09-23,k_mgl,1.12,BQ1
1994-09-23,mg_mgl,3.183333333333333,BQ1
1994-09-23,nh4_ugl,NA,BQ1
1994-09-23,no3_ugl,NA,BQ1
1994-09-23,ca_mgl,5.921111111111111,BQ1
1994-11-25,k_mgl,1.09375,BQ1
1994-11-25,mg_mgl,3.1375,BQ1
1994-11-25,nh4_ugl,NA,BQ1
1994-11-25,no3_ugl,109,BQ1
1994-11-25,ca_mgl,5.74,BQ1
1988-01-01,k_mgl,0.8672222222222222,BQ2
1988-01-01,mg_mgl,2.11,BQ2
1988-01-01,nh4_ugl,18.5,BQ2
1988-01-01,no3_ugl,239.1875,BQ2
1988-01-01,ca_mgl,4.415555555555556,BQ2
1988-03-04,k_mgl,0.7833333333333333,BQ2
1988-03-04,mg_mgl,2.316666666666667,BQ2
1988-03-04,nh4_ugl,27.142857142857142,BQ2
1988-03-04,no3_ugl,192.33333333333334,BQ2
1988-03-04,ca_mgl,4.243333333333333,BQ2
1988-05-06,k_mgl,0.7969999999999999,BQ2
1988-05-06,mg_mgl,2.1189999999999998,BQ2
1988-05-06,nh4_ugl,74.42857142857143,BQ2
1988-05-06,no3_ugl,239.33333333333334,BQ2
1988-05-06,ca_mgl,3.587,BQ2
1988-07-08,k_mgl,0.7846666666666666,BQ2
1988-07-08,mg_mgl,2.0286666666666666,BQ2
1988-07-08,nh4_ugl,14,BQ2
1988-07-08,no3_ugl,178.33333333333334,BQ2
1988-07-08,ca_mgl,3.446,BQ2
1988-09-09,k_mgl,0.77,BQ2
1988-09-09,mg_mgl,2.37,BQ2
1988-09-09,nh4_ugl,47,BQ2
1988-09-09,no3_ugl,205,BQ2
1988-09-09,ca_mgl,4.55,BQ2
1988-11-11,k_mgl,0.8722222222222222,BQ2
1988-11-11,mg_mgl,2.3633333333333333,BQ2
1988-11-11,nh4_ugl,NA,BQ2
1988-11-11,no3_ugl,220.66666666666666,BQ2
1988-11-11,ca_mgl,4.161111111111111,BQ2
1989-01-13,k_mgl,0.9011111111111111,BQ2
1989-01-13,mg_mgl,2.52,BQ2
1989-01-13,nh4_ugl,NA,BQ2
1989-01-13,no3_ugl,232.8,BQ2
1989-01-13,ca_mgl,4.592222222222222,BQ2
1989-03-17,k_mgl,0.8766666666666667,BQ2
1989-03-17,mg_mgl,2.8766666666666665,BQ2
1989-03-17,nh4_ugl,NA,BQ2
1989-03-17,no3_ugl,190.55555555555554,BQ2
1989-03-17,ca_mgl,4.467777777777778,BQ2
1989-05-19,k_mgl,0.9522222222222222,BQ2
1989-05-19,mg_mgl,2.5166666666666666,BQ2
1989-05-19,nh4_ugl,NA,BQ2
1989-05-19,no3_ugl,166.66666666666666,BQ2
1989-05-19,ca_mgl,4.615555555555556,BQ2
1989-07-21,k_mgl,0.995,BQ2
1989-07-21,mg_mgl,2.545,BQ2
1989-07-21,nh4_ugl,NA,BQ2
1989-07-21,no3_ugl,143.25,BQ2
1989-07-21,ca_mgl,4.9075,BQ2
1989-09-22,k_mgl,1.4284615384615384,BQ2
1989-09-22,mg_mgl,2.9316666666666666,BQ2
1989-09-22,nh4_ugl,NA,BQ2
1989-09-22,no3_ugl,419.1111111111111,BQ2
1989-09-22,ca_mgl,5.4175,BQ2
1989-11-24,k_mgl,1.2066666666666666,BQ2
1989-11-24,mg_mgl,3.1233333333333335,BQ2
1989-11-24,nh4_ugl,NA,BQ2
1989-11-24,no3_ugl,239.25,BQ2
1989-11-24,ca_mgl,6.613333333333333,BQ2
1990-01-26,k_mgl,1.3388888888888888,BQ2
1990-01-26,mg_mgl,3.0522222222222224,BQ2
1990-01-26,nh4_ugl,NA,BQ2
1990-01-26,no3_ugl,188,BQ2
1990-01-26,ca_mgl,6.53,BQ2
1990-03-30,k_mgl,1.3635714285714287,BQ2
1990-03-30,mg_mgl,2.4907142857142857,BQ2
1990-03-30,nh4_ugl,NA,BQ2
1990-03-30,no3_ugl,466.7692307692308,BQ2
1990-03-30,ca_mgl,5.1971428571428575,BQ2
1990-06-01,k_mgl,1.1311111111111112,BQ2
1990-06-01,mg_mgl,3.2088888888888887,BQ2
1990-06-01,nh4_ugl,NA,BQ2
1990-06-01,no3_ugl,232.77777777777777,BQ2
1990-06-01,ca_mgl,6.776666666666666,BQ2
1990-08-03,k_mgl,0.9255555555555556,BQ2
1990-08-03,mg_mgl,3.2244444444444444,BQ2
1990-08-03,nh4_ugl,NA,BQ2
1990-08-03,no3_ugl,121.11111111111113,BQ2
1990-08-03,ca_mgl,7.187777777777778,BQ2
1990-10-05,k_mgl,0.901,BQ2
1990-10-05,mg_mgl,2.712,BQ2
1990-10-05,nh4_ugl,NA,BQ2
1990-10-05,no3_ugl,164.7,BQ2
1990-10-05,ca_mgl,5.773,BQ2
1990-12-07,k_mgl,0.998,BQ2
1990-12-07,mg_mgl,3.08,BQ2
1990-12-07,nh4_ugl,NA,BQ2
1990-12-07,no3_ugl,182.11111111111111,BQ2
1990-12-07,ca_mgl,6.782,BQ2
1991-02-08,k_mgl,0.8255555555555556,BQ2
1991-02-08,mg_mgl,2.953333333333333,BQ2
1991-02-08,nh4_ugl,NA,BQ2
1991-02-08,no3_ugl,151.75,BQ2
1991-02-08,ca_mgl,6.815555555555555,BQ2
1991-04-12,k_mgl,1.0090000000000001,BQ2
1991-04-12,mg_mgl,2.834,BQ2
1991-04-12,nh4_ugl,NA,BQ2
1991-04-12,no3_ugl,35,BQ2
1991-04-12,ca_mgl,4.025,BQ2
1991-06-14,k_mgl,0.9955555555555555,BQ2
1991-06-14,mg_mgl,3.201111111111111,BQ2
1991-06-14,nh4_ugl,NA,BQ2
1991-06-14,no3_ugl,81,BQ2
1991-06-14,ca_mgl,5.316666666666666,BQ2
1991-08-16,k_mgl,1.42,BQ2
1991-08-16,mg_mgl,2.9859999999999998,BQ2
1991-08-16,nh4_ugl,NA,BQ2
1991-08-16,no3_ugl,88.2,BQ2
1991-08-16,ca_mgl,6.027,BQ2
1991-10-18,k_mgl,1.2725,BQ2
1991-10-18,mg_mgl,2.6675,BQ2
1991-10-18,nh4_ugl,NA,BQ2
1991-10-18,no3_ugl,221.08333333333331,BQ2
1991-10-18,ca_mgl,4.571666666666666,BQ2
1991-12-20,k_mgl,1.301,BQ2
1991-12-20,mg_mgl,2.956,BQ2
1991-12-20,nh4_ugl,NA,BQ2
1991-12-20,no3_ugl,284.9,BQ2
1991-12-20,ca_mgl,5.949,BQ2
1992-02-21,k_mgl,1.1222222222222222,BQ2
1992-02-21,mg_mgl,3.121111111111111,BQ2
1992-02-21,nh4_ugl,NA,BQ2
1992-02-21,no3_ugl,88.125,BQ2
1992-02-21,ca_mgl,5.852222222222222,BQ2
1992-04-24,k_mgl,1.2466666666666666,BQ2
1992-04-24,mg_mgl,2.482222222222222,BQ2
1992-04-24,nh4_ugl,NA,BQ2
1992-04-24,no3_ugl,124.875,BQ2
1992-04-24,ca_mgl,5.24,BQ2
1992-06-26,k_mgl,1.23,BQ2
1992-06-26,mg_mgl,3.26,BQ2
1992-06-26,nh4_ugl,NA,BQ2
1992-06-26,no3_ugl,108.22222222222223,BQ2
1992-06-26,ca_mgl,6.88,BQ2
1992-08-28,k_mgl,1.2677777777777777,BQ2
1992-08-28,mg_mgl,3.1655555555555557,BQ2
1992-08-28,nh4_ugl,NA,BQ2
1992-08-28,no3_ugl,49.125,BQ2
1992-08-28,ca_mgl,6.641111111111111,BQ2
1992-10-30,k_mgl,1.2144444444444444,BQ2
1992-10-30,mg_mgl,2.6044444444444443,BQ2
1992-10-30,nh4_ugl,NA,BQ2
1992-10-30,no3_ugl,66.28571428571429,BQ2
1992-10-30,ca_mgl,5.694444444444445,BQ2
1993-01-01,k_mgl,1.27,BQ2
1993-01-01,mg_mgl,3.181111111111111,BQ2
1993-01-01,nh4_ugl,NA,BQ2
1993-01-01,no3_ugl,135,BQ2
1993-01-01,ca_mgl,6.49,BQ2
1993-03-05,k_mgl,1.3044444444444445,BQ2
1993-03-05,mg_mgl,3.243333333333333,BQ2
1993-03-05,nh4_ugl,NA,BQ2
1993-03-05,no3_ugl,144,BQ2
1993-03-05,ca_mgl,6.347777777777778,BQ2
1993-05-07,k_mgl,1.468888888888889,BQ2
1993-05-07,mg_mgl,2.9611111111111112,BQ2
1993-05-07,nh4_ugl,NA,BQ2
1993-05-07,no3_ugl,72.75,BQ2
1993-05-07,ca_mgl,6.171111111111111,BQ2
1993-07-09,k_mgl,1.4122222222222223,BQ2
1993-07-09,mg_mgl,3.1777777777777776,BQ2
1993-07-09,nh4_ugl,NA,BQ2
1993-07-09,no3_ugl,23.5,BQ2
1993-07-09,ca_mgl,7.205555555555556,BQ2
1993-09-10,k_mgl,1.33,BQ2
1993-09-10,mg_mgl,2.8533333333333335,BQ2
1993-09-10,nh4_ugl,NA,BQ2
1993-09-10,no3_ugl,55.33333333333333,BQ2
1993-09-10,ca_mgl,6.414444444444444,BQ2
1993-11-12,k_mgl,1.4,BQ2
1993-11-12,mg_mgl,2.6155555555555554,BQ2
1993-11-12,nh4_ugl,NA,BQ2
1993-11-12,no3_ugl,56.66666666666667,BQ2
1993-11-12,ca_mgl,6.371111111111111,BQ2
1994-01-14,k_mgl,1.3533333333333333,BQ2
1994-01-14,mg_mgl,2.828888888888889,BQ2
1994-01-14,nh4_ugl,NA,BQ2
1994-01-14,no3_ugl,12.333333333333334,BQ2
1994-01-14,ca_mgl,5.916666666666667,BQ2
1994-03-18,k_mgl,1.2733333333333334,BQ2
1994-03-18,mg_mgl,3.0566666666666666,BQ2
1994-03-18,nh4_ugl,NA,BQ2
1994-03-18,no3_ugl,30.166666666666664,BQ2
1994-03-18,ca_mgl,6.77,BQ2
1994-05-20,k_mgl,1.46125,BQ2
1994-05-20,mg_mgl,3.11875,BQ2
1994-05-20,nh4_ugl,NA,BQ2
1994-05-20,no3_ugl,87.625,BQ2
1994-05-20,ca_mgl,6.51,BQ2
1994-07-22,k_mgl,0.9500000000000001,BQ2
1994-07-22,mg_mgl,1.9333333333333331,BQ2
1994-07-22,nh4_ugl,NA,BQ2
1994-07-22,no3_ugl,NA,BQ2
1994-07-22,ca_mgl,3.913333333333333,BQ2
1994-09-23,k_mgl,1.2125,BQ2
1994-09-23,mg_mgl,2.125,BQ2
1994-09-23,nh4_ugl,NA,BQ2
1994-09-23,no3_ugl,NA,BQ2
1994-09-23,ca_mgl,4.5125,BQ2
1994-11-25,k_mgl,1.1724999999999999,BQ2
1994-11-25,mg_mgl,2.7875,BQ2
1994-11-25,nh4_ugl,NA,BQ2
1994-11-25,no3_ugl,NA,BQ2
1994-11-25,ca_mgl,5.89375,BQ2
1988-01-01,k_mgl,0.728,BQ3
1988-01-01,mg_mgl,2.556,BQ3
1988-01-01,nh4_ugl,33.1764705882353,BQ3
1988-01-01,no3_ugl,165.4375,BQ3
1988-01-01,ca_mgl,3.3953333333333333,BQ3
1988-03-04,k_mgl,0.5555555555555556,BQ3
1988-03-04,mg_mgl,2.6144444444444446,BQ3
1988-03-04,nh4_ugl,26.333333333333332,BQ3
1988-03-04,no3_ugl,205.22222222222223,BQ3
1988-03-04,ca_mgl,3.4766666666666666,BQ3
1988-05-06,k_mgl,0.688,BQ3
1988-05-06,mg_mgl,2.339,BQ3
1988-05-06,nh4_ugl,59.57142857142857,BQ3
1988-05-06,no3_ugl,196,BQ3
1988-05-06,ca_mgl,2.613,BQ3
1988-07-08,k_mgl,0.6328571428571429,BQ3
1988-07-08,mg_mgl,2.2592857142857143,BQ3
1988-07-08,nh4_ugl,28.6,BQ3
1988-07-08,no3_ugl,134.66666666666666,BQ3
1988-07-08,ca_mgl,2.710714285714286,BQ3
1988-09-09,k_mgl,0.6275,BQ3
1988-09-09,mg_mgl,2.48875,BQ3
1988-09-09,nh4_ugl,41.75,BQ3
1988-09-09,no3_ugl,168.25,BQ3
1988-09-09,ca_mgl,3.33125,BQ3
1988-11-11,k_mgl,0.7366666666666667,BQ3
1988-11-11,mg_mgl,2.66,BQ3
1988-11-11,nh4_ugl,NA,BQ3
1988-11-11,no3_ugl,191.33333333333334,BQ3
1988-11-11,ca_mgl,3.815,BQ3
1989-01-13,k_mgl,0.7688888888888888,BQ3
1989-01-13,mg_mgl,2.8033333333333332,BQ3
1989-01-13,nh4_ugl,NA,BQ3
1989-01-13,no3_ugl,163.66666666666666,BQ3
1989-01-13,ca_mgl,3.801111111111111,BQ3
1989-03-17,k_mgl,0.7344444444444445,BQ3
1989-03-17,mg_mgl,2.7355555555555555,BQ3
1989-03-17,nh4_ugl,NA,BQ3
1989-03-17,no3_ugl,164.66666666666666,BQ3
1989-03-17,ca_mgl,3.9033333333333333,BQ3
1989-05-19,k_mgl,0.7511111111111111,BQ3
1989-05-19,mg_mgl,2.8066666666666666,BQ3
1989-05-19,nh4_ugl,NA,BQ3
1989-05-19,no3_ugl,92.22222222222223,BQ3
1989-05-19,ca_mgl,3.7533333333333334,BQ3
1989-07-21,k_mgl,0.8,BQ3
1989-07-21,mg_mgl,2.41,BQ3
1989-07-21,nh4_ugl,NA,BQ3
1989-07-21,no3_ugl,155.875,BQ3
1989-07-21,ca_mgl,3.65125,BQ3
1989-09-22,k_mgl,1.426153846153846,BQ3
1989-09-22,mg_mgl,3.2675,BQ3
1989-09-22,nh4_ugl,NA,BQ3
1989-09-22,no3_ugl,444.625,BQ3
1989-09-22,ca_mgl,3.5933333333333333,BQ3
1989-11-24,k_mgl,1.268888888888889,BQ3
1989-11-24,mg_mgl,3.5666666666666664,BQ3
1989-11-24,nh4_ugl,NA,BQ3
1989-11-24,no3_ugl,218.625,BQ3
1989-11-24,ca_mgl,5.1433333333333335,BQ3
1990-01-26,k_mgl,1.4522222222222223,BQ3
1990-01-26,mg_mgl,3.3755555555555556,BQ3
1990-01-26,nh4_ugl,NA,BQ3
1990-01-26,no3_ugl,381.77777777777777,BQ3
1990-01-26,ca_mgl,4.81,BQ3
1990-03-30,k_mgl,1.3478571428571429,BQ3
1990-03-30,mg_mgl,2.6742857142857144,BQ3
1990-03-30,nh4_ugl,NA,BQ3
1990-03-30,no3_ugl,352.3076923076923,BQ3
1990-03-30,ca_mgl,3.6885714285714286,BQ3
1990-06-01,k_mgl,1.1855555555555555,BQ3
1990-06-01,mg_mgl,3.3677777777777775,BQ3
1990-06-01,nh4_ugl,NA,BQ3
1990-06-01,no3_ugl,224.25,BQ3
1990-06-01,ca_mgl,4.614444444444445,BQ3
1990-08-03,k_mgl,0.9944444444444445,BQ3
1990-08-03,mg_mgl,3.4522222222222223,BQ3
1990-08-03,nh4_ugl,NA,BQ3
1990-08-03,no3_ugl,151.77777777777777,BQ3
1990-08-03,ca_mgl,5.593333333333334,BQ3
1990-10-05,k_mgl,0.9339999999999999,BQ3
1990-10-05,mg_mgl,2.934,BQ3
1990-10-05,nh4_ugl,NA,BQ3
1990-10-05,no3_ugl,155.11111111111111,BQ3
1990-10-05,ca_mgl,5.102,BQ3
1990-12-07,k_mgl,0.9460000000000001,BQ3
1990-12-07,mg_mgl,3.08,BQ3
1990-12-07,nh4_ugl,NA,BQ3
1990-12-07,no3_ugl,170.625,BQ3
1990-12-07,ca_mgl,4.6770000000000005,BQ3
1991-02-08,k_mgl,0.7733333333333333,BQ3
1991-02-08,mg_mgl,3.8455555555555554,BQ3
1991-02-08,nh4_ugl,NA,BQ3
1991-02-08,no3_ugl,160.22222222222223,BQ3
1991-02-08,ca_mgl,4.828888888888889,BQ3
1991-04-12,k_mgl,0.897,BQ3
1991-04-12,mg_mgl,3.23,BQ3
1991-04-12,nh4_ugl,NA,BQ3
1991-04-12,no3_ugl,51.75,BQ3
1991-04-12,ca_mgl,4.237,BQ3
1991-06-14,k_mgl,0.8588888888888889,BQ3
1991-06-14,mg_mgl,3.535555555555556,BQ3
1991-06-14,nh4_ugl,NA,BQ3
1991-06-14,no3_ugl,118.625,BQ3
1991-06-14,ca_mgl,4.447777777777778,BQ3
1991-08-16,k_mgl,1.05,BQ3
1991-08-16,mg_mgl,3.249,BQ3
1991-08-16,nh4_ugl,NA,BQ3
1991-08-16,no3_ugl,114.8,BQ3
1991-08-16,ca_mgl,4.675,BQ3
1991-10-18,k_mgl,0.8883333333333333,BQ3
1991-10-18,mg_mgl,2.788333333333333,BQ3
1991-10-18,nh4_ugl,NA,BQ3
1991-10-18,no3_ugl,161.16666666666666,BQ3
1991-10-18,ca_mgl,3.7416666666666667,BQ3
1991-12-20,k_mgl,1.0050000000000001,BQ3
1991-12-20,mg_mgl,3.129,BQ3
1991-12-20,nh4_ugl,NA,BQ3
1991-12-20,no3_ugl,185.3,BQ3
1991-12-20,ca_mgl,4.877,BQ3
1992-02-21,k_mgl,1.12,BQ3
1992-02-21,mg_mgl,3.3511111111111114,BQ3
1992-02-21,nh4_ugl,NA,BQ3
1992-02-21,no3_ugl,127.375,BQ3
1992-02-21,ca_mgl,6.21,BQ3
1992-04-24,k_mgl,0.9355555555555556,BQ3
1992-04-24,mg_mgl,2.73,BQ3
1992-04-24,nh4_ugl,NA,BQ3
1992-04-24,no3_ugl,115,BQ3
1992-04-24,ca_mgl,4.054444444444444,BQ3
1992-06-26,k_mgl,1.1411111111111112,BQ3
1992-06-26,mg_mgl,3.263333333333333,BQ3
1992-06-26,nh4_ugl,NA,BQ3
1992-06-26,no3_ugl,44.888888888888886,BQ3
1992-06-26,ca_mgl,4.682222222222222,BQ3
1992-08-28,k_mgl,0.8933333333333333,BQ3
1992-08-28,mg_mgl,3.2177777777777776,BQ3
1992-08-28,nh4_ugl,NA,BQ3
1992-08-28,no3_ugl,56.33333333333333,BQ3
1992-08-28,ca_mgl,4.835555555555556,BQ3
1992-10-30,k_mgl,1.0977777777777777,BQ3
1992-10-30,mg_mgl,3.2466666666666666,BQ3
1992-10-30,nh4_ugl,NA,BQ3
1992-10-30,no3_ugl,40.28571428571429,BQ3
1992-10-30,ca_mgl,4.528888888888889,BQ3
1993-01-01,k_mgl,0.8122222222222223,BQ3
1993-01-01,mg_mgl,3.0211111111111113,BQ3
1993-01-01,nh4_ugl,NA,BQ3
1993-01-01,no3_ugl,207,BQ3
1993-01-01,ca_mgl,4.0377777777777775,BQ3
1993-03-05,k_mgl,0.8122222222222222,BQ3
1993-03-05,mg_mgl,3.571111111111111,BQ3
1993-03-05,nh4_ugl,NA,BQ3
1993-03-05,no3_ugl,129.125,BQ3
1993-03-05,ca_mgl,4.424444444444444,BQ3
1993-05-07,k_mgl,0.855,BQ3
1993-05-07,mg_mgl,3.0637499999999998,BQ3
1993-05-07,nh4_ugl,NA,BQ3
1993-05-07,no3_ugl,59,BQ3
1993-05-07,ca_mgl,4.31625,BQ3
1993-07-09,k_mgl,0.8355555555555556,BQ3
1993-07-09,mg_mgl,2.95,BQ3
1993-07-09,nh4_ugl,NA,BQ3
1993-07-09,no3_ugl,102.83333333333334,BQ3
1993-07-09,ca_mgl,4.687777777777778,BQ3
1993-09-10,k_mgl,0.8044444444444444,BQ3
1993-09-10,mg_mgl,3.0775,BQ3
1993-09-10,nh4_ugl,NA,BQ3
1993-09-10,no3_ugl,43.66666666666667,BQ3
1993-09-10,ca_mgl,4.526666666666666,BQ3
1993-11-12,k_mgl,0.8833333333333333,BQ3
1993-11-12,mg_mgl,2.7577777777777777,BQ3
1993-11-12,nh4_ugl,NA,BQ3
1993-11-12,no3_ugl,32.333333333333336,BQ3
1993-11-12,ca_mgl,4.225555555555555,BQ3
1994-01-14,k_mgl,0.8377777777777777,BQ3
1994-01-14,mg_mgl,2.973333333333333,BQ3
1994-01-14,nh4_ugl,NA,BQ3
1994-01-14,no3_ugl,11,BQ3
1994-01-14,ca_mgl,4.366666666666666,BQ3
1994-03-18,k_mgl,0.8622222222222222,BQ3
1994-03-18,mg_mgl,3.3666666666666667,BQ3
1994-03-18,nh4_ugl,NA,BQ3
1994-03-18,no3_ugl,49,BQ3
1994-03-18,ca_mgl,5.066666666666666,BQ3
1994-05-20,k_mgl,0.907,BQ3
1994-05-20,mg_mgl,3.657,BQ3
1994-05-20,nh4_ugl,NA,BQ3
1994-05-20,no3_ugl,52.111111111111114,BQ3
1994-05-20,ca_mgl,5.294,BQ3
1994-07-22,k_mgl,0.8433333333333334,BQ3
1994-07-22,mg_mgl,3.522222222222222,BQ3
1994-07-22,nh4_ugl,NA,BQ3
1994-07-22,no3_ugl,NA,BQ3
1994-07-22,ca_mgl,4.98,BQ3
1994-09-23,k_mgl,0.8644444444444445,BQ3
1994-09-23,mg_mgl,3.1544444444444446,BQ3
1994-09-23,nh4_ugl,NA,BQ3
1994-09-23,no3_ugl,NA,BQ3
1994-09-23,ca_mgl,4.561111111111111,BQ3
1994-11-25,k_mgl,0.8733333333333334,BQ3
1994-11-25,mg_mgl,3.3833333333333333,BQ3
1994-11-25,nh4_ugl,NA,BQ3
1994-11-25,no3_ugl,NA,BQ3
1994-11-25,ca_mgl,4.626666666666667,BQ3
